"","agency_cd","site_no","station_nm","site_tp_cd","lat_va","long_va","dec_lat_va","dec_long_va","coord_meth_cd","coord_acy_cd","coord_datum_cd","dec_coord_datum_cd","district_cd","state_cd","county_cd","country_cd","land_net_ds","map_nm","map_scale_fc","alt_va","alt_meth_cd","alt_acy_va","alt_datum_cd","huc_cd","basin_cd","topo_cd","instruments_cd","construction_dt","inventory_dt","drain_area_va","contrib_drain_area_va","tz_cd","local_time_fg","reliability_cd","gw_file_cd","nat_aqfr_cd","aqfr_cd","aqfr_type_cd","well_depth_va","hole_depth_va","depth_src_cd","project_no"
"1","USGS","01423000","WEST BRANCH DELAWARE RIVER AT WALTON NY","ST",420958,750824.1,42.1661111,-75.14002778,"N","1","NAD83","NAD83","36","36","025","US",NA,"WALTON WEST, NY","  24000",1189.88,"L",0.01,"NAVD88","02040101",NA,NA,"NNYNNNNNNNNNNNNNNNNNNNNNNNNNNN",NA,NA,332,NA,"EST","N",NA,"NNNNNNNN",NA,NA,NA,NA,NA,NA,NA
"2","USGS","01413500","EAST BRANCH DELAWARE RIVER AT MARGARETVILLE NY","ST",420841,743913,42.1447222,-74.6536111,"M","S","NAD83","NAD83","36","36","025","US",NA,"MARGARETVILLE, NY","  24000",1301.67,"X",0.01,"NAVD88","02040102",NA,NA,"YNYNYNNNNNNNNNNNNNNNNNNNNNNNNN",NA,NA,163,163,"EST","N",NA,"NNNNNNNN",NA,NA,NA,NA,NA,NA,NA
"3","USGS","01424997","CANNONSVILLE RESERVOIR NEAR STILESVILLE NY","LK",420346,752249,42.0628618,-75.3798977,"M","S","NAD27","NAD83","36","36","025","US",NA,"DEPOSIT, NY","  24000",NA,NA,NA,NA,"02040101",NA,NA,"NNNNNNNNNNNNNNNNNNNNNNNNNNNNNN",NA,NA,454,NA,"EST","N",NA,"NYNNNNNN",NA,NA,NA,NA,NA,NA,NA
"4","USGS","01426500","WEST BRANCH DELAWARE RIVER AT HALE EDDY NY","ST",420010.9,752300.7,42.00302778,-75.38352778,"N","1","NAD83","NAD83","36","36","025","US",NA,"DEPOSIT, NY","  24000",945.98,"L",0.01,"NAVD88","02040101",NA,NA,"YNNNYNNNNNNNNNNNNNNNNNNNNNNNNN",NA,NA,595,NA,"EST","N",NA,"NNNNNNNN",NA,NA,NA,NA,NA,NA,NA
"5","USGS","01421000","EAST BRANCH DELAWARE RIVER AT FISHS EDDY NY","ST",415824.8,751030.7,41.97355556,-75.1751944,"N","1","NAD83","NAD83","36","36","025","US",NA,"FISHS EDDY, NY","  24000",955.47,"X",0.01,"NAVD88","02040102",NA,NA,"YNNNYNNNNNNNNNNNNNNNNNNNNNNNNN",NA,NA,784,NA,"EST","N",NA,"NNNNNNNN",NA,NA,NA,NA,NA,NA,NA
"6","USGS","01420500","BEAVER KILL AT COOKS FALLS NY","ST",415647.1,745846.8,41.94641667,-74.9796667,"N","1","NAD83","NAD83","36","36","025","US",NA,"ROSCOE, NY","  24000",1151.7,"L",0.01,"NGVD29","02040102",NA,NA,"NNNNYNNNNNNNNNNNNNNNNNNNNNNNNN",NA,NA,241,NA,"EST","N",NA,"NNNNNNNN",NA,NA,NA,NA,NA,NA,NA
"7","USGS","01419500","WILLOWEMOC CREEK NR LIVINGSTON MANOR NY","ST",415412,744846,41.9033333,-74.81277778,"M","S","NAD83","NAD83","36","36","105","US",NA,"LIVINGSTON MANOR, NY","  24000",1433.86,"X",0.01,"NAVD88","02040102",NA,NA,"YNNNYNNNNNNNNNNNNNNNNNNNNNNNNN",NA,NA,62.6,NA,"EST","N",NA,"NNNNNNNN",NA,NA,NA,NA,NA,NA,NA
"8","USGS","01427207","DELAWARE RIVER AT LORDVILLE NY","ST",415202.2,751249.5,41.86727778,-75.21375,"N","1","NAD83","NAD83","36","42","127","US",NA,"LONG EDDY, NY","  24000",834.51,"L",0.01,"NAVD88","02040101",NA,NA,"YNYNYNNNNNNNNNNNNNNNNNNNNNNNNN",NA,NA,1590,NA,"EST","N",NA,"NNNNNNNN",NA,NA,NA,NA,NA,NA,NA
"9","USGS","01427200","Equinunk Creek near Equinunk, PA","ST",415015,751355,41.83758785,-75.2315615,"M","U","NAD27","NAD83","42","42","127","US",NA,NA,NA,890,"M",10,"NGVD29","02040101",NA,NA,"NNNNNNNNNNNNNNNNNNNNNNNNNNNNNN",NA,19910822,56.3,NA,"EST","Y",NA,"NNNNNNNN",NA,NA,NA,NA,NA,NA,"00140"
"10","USGS","01435800","DIVERSION FROM NEVERSINK RESERVOIR NY","FA-DV",414940,743821,41.82786867,-74.6387701,"M","S","NAD27","NAD83","36","36","105","US",NA,"LIBERTY EAST, NY","  24000",1464,"N",4.3,"NAVD88","02040104",NA,NA,"NNNNNNNNNNNNNNNNNNNNNNNNNNNNNN",NA,NA,92.5,NA,"EST","N",NA,"NYNNNNNN",NA,NA,NA,NA,NA,NA,"NAWQA"
"11","USGS","01427500","CALLICOON CREEK AT CALLICOON NY","ST",414538,750254.2,41.76055556,-75.04838889,"N","1","NAD83","NAD83","36","36","105","US",NA,"CALLICOON, NY","  24000",759.3,"L",0.01,"NAVD88","02040101",NA,NA,"YNNNYNYNNNNNNNNNNNNNNNNNNNNNNN",NA,NA,110,NA,"EST","N",NA,"NNNNNNNN",NA,NA,NA,NA,NA,NA,NA
"12","USGS","01427510","DELAWARE RIVER AT CALLICOON NY","ST",414524.3,750326.7,41.75675,-75.0574167,"N","1","NAD83","NAD83","36","42","127","US",NA,"CALLICOON, NY","  24000",734.88,"L",0.01,"NGVD29","02040101",NA,NA,"YNNNYNNNNNNNNNNNNNNNNNNNNNNNNN",NA,NA,1820,NA,"EST","N",NA,"NNNNNNNN",NA,NA,NA,NA,NA,NA,NA
"13","USGS","01428000","TENMILE RIVER AT TUSTEN NY","ST",413350,750052,41.56388889,-75.0144444,"M","S","NAD83","NAD83","36","36","105","US",NA,"NARROWSBURG, NY","  24000",NA,NA,NA,NA,"02040101",NA,NA,"YNNNYNNNNNNNNNNNNNNNNNNNNNNNNN",NA,NA,45.6,NA,"EST","N",NA,"NNNNNNNN",NA,NA,NA,NA,NA,NA,NA
"14","USGS","01428500","DELAWARE R ABOVE LACKAWAXEN R NEAR BARRYVILLE NY","ST",413031.5,745909.8,41.50875,-74.9860556,"N","1","NAD83","NAD83","36","36","105","US",NA,"ELDRED, NY","  24000",599.51,"L",0.01,"NAVD88","02040101",NA,NA,"YNNNYNNNNNNNNNNNNNNNNNNNNNNNNN",NA,NA,2020,NA,"EST","N",NA,"NNNNNNNN",NA,NA,NA,NA,NA,NA,NA
"15","USGS","01431500","Lackawaxen River at Hawley, PA","ST",412834,751021,41.4762002,-75.1721186,"M","S","NAD27","NAD83","42","42","127","US",NA,NA,NA,869,"L",0.01,"NGVD29","02040103",NA,NA,"NNNNYNNNNNNNNNNNNNNNNNNNNNNNNN",NA,NA,290,NA,"EST","Y",NA,"NNNNNNNN",NA,NA,NA,NA,NA,NA,NA
"16","USGS","01432160","DELAWARE RIVER AT BARRYVILLE NY","ST",412831,745446,41.47536824,-74.91238898,"M","S","NAD27","NAD83","36","42","103","US",NA,"SHOHOLA, PA","  24000",NA,NA,NA,NA,"02040104",NA,NA,"NNNNYNNNNNNNNNNNNNNNNNNNNNNNNN",NA,NA,2659,NA,"EST","N",NA,"NNNNNNNN",NA,NA,NA,NA,NA,NA,NA
"17","USGS","01433500","MONGAUP RIVER NEAR MONGAUP NY","ST",412740.4,744531.6,41.4612222,-74.75877778,"N","1","NAD83","NAD83","36","36","105","US",NA,"POND EDDY, NY","  24000",623.49,"X",0.01,"NAVD88","02040104",NA,NA,"YNNNYNYNNNNNNNNNYNNNNNNNNNNNNN",NA,NA,200,NA,"EST","N",NA,"NNNNNNNN",NA,NA,NA,NA,NA,NA,NA
"18","USGS","01432500","Shohola Creek near Shohola, PA","ST",412720,745525,41.4556462,-74.9232228,"M","U","NAD27","NAD83","42","42","103","US",NA,NA,NA,695,"M",10,"NGVD29","02040104",NA,NA,"NNNNNNNNNNNNNNNNNNNNNNNNNNNNNN",NA,NA,83.6,NA,"EST","Y",NA,"NNNNNNNN",NA,NA,NA,NA,NA,NA,NA
"19","USGS","01437500","NEVERSINK RIVER AT GODEFFROY NY","ST",412628,743607,41.4411111,-74.6019444,"M","S","NAD83","NAD83","36","36","071","US",NA,"OTISVILLE, NY","  24000",458.86,"X",0.01,"NAVD88","02040104",NA,NA,"YNNNYNNNNNNNNNNNNNNNNNNNNNNNNN",NA,NA,307,NA,"EST","N",NA,"NNNNNNNN",NA,NA,NA,NA,NA,NA,NA
"20","USGS","01434000","DELAWARE RIVER AT PORT JERVIS NY","ST",412214,744151,41.37055556,-74.6975,"M","S","NAD83","NAD83","36","42","103","US",NA,"PORT JERVIS SOUTH, N","  24000",414.71,"X",0.01,"NAVD88","02040104",NA,NA,"YNNNYNNNNNNNNNNNNNNNNNNNNNNNNN",NA,NA,3070,NA,"EST","N",NA,"NNNNNNNN",NA,NA,NA,NA,NA,NA,NA
"21","USGS","01438500","Delaware River at Montague NJ","ST",411833,744743,41.30916667,-74.79527778,"M","S","NAD83","NAD83","34","42","103","US","Dingman Township","Milford","  24000",369.93,"L",0.01,"NGVD29","02040104",NA,NA,"YYYNYNNNNNYNNNNNNNNNNNNNNNNNNN",NA,20010824,3480,NA,"EST","Y",NA,"NNNNNNNN",NA,NA,NA,NA,NA,NA,NA
"22","USGS","01446500","Delaware River at Belvidere NJ","ST",404935,750457,40.82638889,-75.0825,"M","S","NAD83","NAD83","34","34","041","US","Belvidere Town","Belvidere","  24000",226.43,"L",0.01,"NGVD29","02040105",NA,NA,"YNYNYNNNNNYNNNNNNNNNNNNNNNNNNN",NA,20030125,4535,NA,"EST","Y",NA,"NNNNNNNN",NA,NA,NA,NA,NA,NA,NA
"23","USGS","01455300","Pohatcong C at Carpentersville NJ","ST",403730,751109,40.625,-75.1858333,"M","S","NAD83","NAD83","34","34","041","US",NA,"Riegelsville","  24000",NA,NA,NA,NA,"02040105",NA,NA,"NNNNNNNNNNNNNNNNNNNNNNNNNNNNNN",NA,NA,57,57,"EST","Y",NA,"NNNNNNNN",NA,NA,NA,NA,NA,NA,NA
"24","USGS","01457500","Delaware River at Riegelsville NJ","ST",403541,751123,40.5947222,-75.1897222,"M","S","NAD83","NAD83","34","34","041","US","Pohatcong Township","Riegelsville","  24000",125.12,"L",0.01,"NGVD29","02040105",NA,NA,"NNYNYNNNNNYNNNNNNNNNNNNNNNNNNN",NA,20010823,6328,NA,"EST","Y",NA,"NNNNNNNN",NA,NA,NA,NA,NA,NA,NA
"25","USGS","01458500","Delaware River at Frenchtown NJ","ST",403134,750354,40.5261111,-75.065,"M","S","NAD83","NAD83","34","34","019","US","Frenchtown Borough","Frenchtown","  24000",99.88,"L",0.01,"NGVD29","02040105",NA,NA,"NNYNYNNNNNNNNNNNNNNNNNNNNNNNNN",NA,20070815,6420,NA,"EST","Y",NA,"NNNNNNNN",NA,NA,NA,NA,NA,NA,NA
"26","USGS","01470500","Schuylkill River at Berne, PA","ST",403121,755955,40.5225932,-75.99826819,"M","S","NAD27","NAD83","42","42","011","US",NA,NA,NA,310.65,"L",0.01,"NGVD29","02040203",NA,NA,"NNNNYNNNNNNNNNNNNNNNNNNNNNNNNN",NA,19470801,355,NA,"EST","Y",NA,"NNNNNNNN",NA,NA,NA,NA,NA,NA,NA
"27","USGS","01462000","Delaware River at Lambertville NJ","ST",402153,745656,40.3647222,-74.94888889,"M","S","NAD83","NAD83","34","34","019","US","Lambertville City","Lambertville","  24000",49,"L",0.2,"NGVD29","02040105",NA,NA,"NNNNYNNNNNNNNNNNNNNNNNNNNNNNNN",NA,20060410,6680,NA,"EST","Y",NA,"NNNNNNNN",NA,NA,NA,NA,NA,NA,NA
"28","USGS","01471875","Manatawny Creek near Spangsville, PA","ST",402022,754433,40.339538,-75.7421359,"M","S","NAD27","NAD83","42","42","011","US",NA,"BOYERTOWN","  24000",265,"M",20,"NGVD29","02040203",NA,NA,"YNYNYNNNNNNNNNNNNNNNNNNNNNNNNN",NA,19931001,56.9,56.9,"EST","Y",NA,"NNNNNNNN",NA,NA,NA,NA,NA,NA,NA
"29","USGS","01473000","Perkiomen Creek at Graterford, PA","ST",401346,752707,40.22954725,-75.451567,"M","S","NAD27","NAD83","42","42","091","US",NA,NA,NA,112.66,"L",0.01,"NGVD29","02040203",NA,NA,"NNNNYNNNNNNNNNNNNNNNNNNNNNNNNN",NA,191406,279,NA,"EST","Y",NA,"NNNNNNNN",NA,NA,NA,NA,NA,NA,NA
"30","USGS","01463500","Delaware River at Trenton NJ","ST",401318,744641,40.22166667,-74.7780556,"M","S","NAD83","NAD83","34","34","021","US","Trenton City","Trenton West","  24000",0,"L",0.01,"NGVD29","02040105",NA,NA,"NNYNYNNNNNYNNNNNNNNNNNNNNNNNNN",NA,191302,6780,NA,"EST","Y",NA,"NNNNNNNN",NA,NA,NA,NA,NA,NA,NA
"31","USGS","01464040","Delaware River at Marine Terminal at Trenton NJ","ST-TS",401121,744521,40.18916667,-74.7558333,"M","S","NAD83","NAD83","34","34","021","US","Trenton City","Trenton West","  24000",0,"L",0.01,"NAVD88","02040201",NA,NA,"YNNNNNYNNNNNNNNNNNNNNNNNNNNNNN",NA,20080102,6870,6870,"EST","Y",NA,"NNNNNNNN",NA,NA,NA,NA,NA,NA,NA
"32","USGS","01465500","Neshaminy Creek near Langhorne, PA","ST",401026,745726,40.1739982,-74.9568342,"M","S","NAD27","NAD83","42","42","017","US",NA,"BURLINGTON","  24000",40.57,"L",0.1,"NGVD29","02040201",NA,NA,"NNNNYNNNNNNNNNNNNNNNNNNNNNNNNN",NA,NA,210,NA,"EST","Y",NA,"NNNNNNNN",NA,NA,NA,NA,NA,NA,"444200309"
"33","USGS","01464598","Delaware River at Burlington NJ","ES",400448,745209,40.08,-74.8691667,"M","S","NAD83","NAD83","34","34","005","US","Burlington City","Bristol","  24000",0,"L",0.01,"NAVD88","02040201",NA,NA,"NNNNNNYNNNNNNNNNNNNNNNNNNNNNNN",NA,20020225,7160,NA,"EST","Y",NA,"NNNNNNNN",NA,NA,NA,NA,NA,NA,NA
"34","USGS","01467087","Frankford Creek at Castor Ave, Philadelphia, PA","ST",400057,750550,40.0159454,-75.0968411,"M","S","NAD27","NAD83","42","42","101","US",NA,"FRANKFORD","   4000",16.56,"L",0.1,"NGVD29","02040202",NA,NA,"NNNNYNNNNNNNNNNNNNNNNNNNNNNNNN",NA,NA,30.4,NA,"EST","Y",NA,"NNNNNNNN",NA,NA,NA,NA,NA,NA,NA
"35","USGS","01474500","Schuylkill River at Philadelphia, PA","ST",395804,751120,39.9678905,-75.1885123,"M","S","NAD27","NAD83","42","42","101","US",NA,"PHILADELPHIA QUAD","  24000",5.74,"L",0.1,"NGVD29","02040203",NA,NA,"NNNNYNNNNNNNNNNNNNNNNNNNNNNNNN",NA,19310901,1893,NA,"EST","Y",NA,"NNNNNNNN",NA,NA,NA,NA,NA,NA,NA
"36","USGS","01467200","Delaware R at Ben Franklin Bridge at Philadelphia","ST",395714,750816,39.95400165,-75.1373987,"M","S","NAD27","NAD83","42","42","101","US",NA,"PHILADELPHIA","  24000",NA,NA,NA,NA,"02040202",NA,NA,"NNNNYNNNNNNNNNNNNNNNNNNNNNNNNN",NA,194908,7993,7993,"EST","Y",NA,"NNNNNNNN",NA,NA,NA,NA,NA,NA,NA
"37","USGS","01475510","Darby Creek near Darby, PA","ST",395544,751622,39.92900154,-75.2724064,"M","S","NAD27","NAD83","42","42","045","US",NA,"LANSDOWNE","  24000",19.41,"M",20,"NGVD29","02040202",NA,NA,"NNNNYNNNNNNNNNNNNNNNNNNNNNNNNN",NA,19640201,37.4,NA,"EST","Y",NA,"NNNNNNNN",NA,NA,NA,NA,NA,NA,NA
"38","USGS","01481000","Brandywine Creek at Chadds Ford, PA","ST",395211,753537,39.8698328,-75.5932623,"M","S","NAD27","NAD83","42","42","045","US",NA,"CHADDS FORD","  24000",150.45,"L",0.1,"NGVD29","02040205",NA,NA,"NNNNYNNNNNNNNNNNNNNNNNNNNNNNNN",NA,196210,287,NA,"EST","Y",NA,"NNNNNNNN",NA,NA,NA,NA,NA,NA,"444230900"
"39","USGS","01480000","RED CLAY CREEK AT WOODDALE, DE","ST",394546.1,753811.4,39.76280556,-75.6365,"M","S","NAD83","NAD83","24","10","003","US",NA,"NEWARK EAST, DE","  24000",80.34,"N",0.1,"NAVD88","02040205",NA,NA,"YYNNYNYNNNYNNNNNNNNNNNNNNNNNNN",NA,NA,47,NA,"EST","Y",NA,"NNNNNNNN",NA,NA,NA,NA,NA,NA,"441000100"
"40","USGS","01479000","WHITE CLAY CREEK NEAR NEWARK, DE","ST",394157.2,754030.1,39.6992222,-75.67502778,"M","S","NAD83","NAD83","24","10","003","US",NA,NA,NA,7.86,"N",0.1,"NAVD88","02040205",NA,NA,"YYNNYNYNNNYNNNNNNNNNNNNNNNNNNN",NA,NA,89.1,NA,"EST","Y",NA,"NNNNNNNN",NA,NA,NA,NA,NA,NA,"441000100"
"41","USGS","01478650","WHITE CLAY CREEK AT NEWARK, DE","ST",394121.2,754455.5,39.6892222,-75.74875,"M","S","NAD83","NAD83","24","10","003","US",NA,"NEWARK EAST, DE","  24000",55.31,"N",0.1,"NAVD88","02040205",NA,NA,"YNNNYNNNNNNNNNNNNNNNNNNNNNNNNN",NA,NA,69,NA,"EST","Y",NA,"NNNNNNNN",NA,NA,NA,NA,NA,NA,"441000100"
"42","USGS","01483050","Alloway Creek at Hancocks Bridge NJ","ES",393031,752738,39.5086111,-75.4605556,"M","S","NAD83","NAD83","34","34","033","US","Lower Alloways Crk Twp","Salem","  24000",0,"L",0.1,"NAVD88","02040206",NA,NA,"NNNNNNYNNNNNNNNNNNNNNNNNNNNNNN",NA,NA,55.5,55.5,"EST","Y",NA,"NNNNNNNN",NA,NA,NA,NA,NA,NA,NA
